{"cameraMode":{"drawMode":0,"name":"Shaded","section":"Shading Mode"},"sceneLighting":true,"audioPlay":false,"sceneViewState":{"m_AlwaysRefresh":false,"showFog":true,"showSkybox":true,"showFlares":true,"showImageEffects":true,"showParticleSystems":true,"showVisualEffectGraphs":true,"m_FxEnabled":true},"in2DMode":false,"pivot":{"x":59.61170959472656,"y":5.588676452636719,"z":280.20843505859377},"rotation":{"x":0.028804471716284753,"y":0.008991542272269726,"z":-0.0002592990349512547,"w":0.999544084072113},"size":144.12721252441407,"orthographic":false}